category,question,answer
人工智能,什么是人工智能？,人工智能（AI）是计算机科学的一个分支，致力于创建能够模拟人类智能行为的系统。它包括机器学习、深度学习、自然语言处理等技术。
人工智能,机器学习是什么？,机器学习是人工智能的核心技术之一，它使计算机能够从数据中学习并改进性能，而不需要明确编程。主要类型包括监督学习、无监督学习和强化学习。
人工智能,深度学习是什么？,深度学习是机器学习的一个子领域，使用多层神经网络来处理复杂的数据模式。它在图像识别、语音识别和自然语言处理等领域表现出色。
编程技术,什么是Python？,Python是一种高级编程语言，以其简洁易读的语法而闻名。它广泛用于Web开发、数据分析、人工智能和科学计算等领域。
编程技术,什么是JavaScript？,JavaScript是一种脚本语言，主要用于Web浏览器中实现交互式功能。它是前端开发的核心技术，也可以用于后端开发（Node.js）。
编程技术,什么是SQL？,SQL（Structured Query Language）是用于管理关系数据库的标准语言。它可以用于查询、更新、插入和删除数据库中的数据。
数据科学,什么是数据分析？,数据分析是使用统计和逻辑方法检查、清理、转换和建模数据的过程，目的是发现有用信息、得出结论并支持决策。
数据科学,什么是数据可视化？,数据可视化是将数据转换为图形或图表的过程，使数据更容易理解和分析。常用工具包括Matplotlib、Seaborn、Plotly等。
数据科学,什么是大数据？,大数据是指无法用传统数据处理工具处理的大型、复杂数据集。它通常具有三个特征：大量、高速和多样。
软件开发,什么是版本控制？,版本控制是管理文件更改历史的系统，允许多人在同一项目上协作。Git是最流行的版本控制系统。
软件开发,什么是敏捷开发？,敏捷开发是一种软件开发方法论，强调迭代开发、持续交付和团队协作。Scrum和Kanban是常见的敏捷框架。
软件开发,什么是API？,API（Application Programming Interface）是软件组件之间通信的接口。它定义了请求和响应的格式，使不同系统能够相互交互。
云计算,什么是云计算？,云计算是通过互联网提供计算服务的模式。用户可以按需获取计算资源，而不需要自己维护硬件。主要服务模式包括IaaS、PaaS和SaaS。
云计算,什么是容器化？,容器化是将应用程序打包到轻量级、可移植的容器中的技术。Docker是最流行的容器平台，它简化了应用的部署和管理。
云计算,什么是微服务？,微服务是一种架构风格，将应用程序构建为一组小型、独立的服务。每个服务运行自己的进程，通过API与其他服务通信。
网络安全,什么是网络安全？,网络安全是保护计算机系统和网络免受攻击、损坏或未经授权访问的实践。它包括防火墙、加密、入侵检测等技术。
网络安全,什么是加密？,加密是将数据转换为不可读格式以保护信息安全的过程。只有拥有解密密钥的人才能恢复原始数据。常见算法包括AES、RSA等。
网络安全,什么是防火墙？,防火墙是网络安全系统，用于控制进出网络的流量。它可以根据预设规则阻止或允许数据包通过。
项目管理,什么是项目管理？,项目管理是规划、组织、指导和控制项目资源以实现特定目标的过程。常用方法包括甘特图、关键路径法等。
项目管理,什么是风险管理？,风险管理是识别、评估和优先处理项目风险的过程。目的是最小化负面影响并最大化机会。
项目管理,什么是里程碑？,里程碑是项目中的关键事件或节点，用于标记重要阶段的完成。它帮助团队跟踪进度并确保项目按计划推进。